original_id,namn,ansvarigt_lan,kommuner,url_fvof,url_fiskekartan,url_ifiske_for_externa_lankar
424,Antvarden-Lermons fvof,Kalmar,Västervik,,https://fiskekartan.se/?fv=Antvarden-Lermons%20fvof&sp=false,
1469,Asplångens fvof,Östergötland,"Norrköping, Söderköping",www.vattenagarna.se/ostergotlands-lans-fiskevattenagareforbund/?o=462,https://fiskekartan.se/?fv=Asplångens%20fvof&sp=false,https://www.ifiske.se/list/462
2135,Baltaks fvof,Västra Götaland,Tidaholm,,https://fiskekartan.se/?fv=Baltaks%20fvof&sp=false,
2160,Bergs vattens fvof,Västra Götaland,Uddevalla,,https://fiskekartan.se/?fv=Bergs%20vattens%20fvof&sp=false,
1349,Björna fvof,Västernorrland,Örnsköldsvik,,https://fiskekartan.se/?fv=Björna%20fvof&sp=false,https://www.ifiske.se/a/3089
1176,Borgsjö mellersta fvof,Västernorrland,Ånge,www.laget.se/BORGSJO_MELLERSTAFVO,https://fiskekartan.se/?fv=Borgsjö%20mellersta%20fvof&sp=false,https://www.ifiske.se/fiske-ljungan.htm
648,Bredträskets fvof,Norrbotten,Luleå,,https://fiskekartan.se/?fv=Bredträskets%20fvof&sp=false,
866,Dalby fvof,Värmland,Torsby,www.vattenagarna.se/varmlands-lans-fiskevardsforbund/?o=729,https://fiskekartan.se/?fv=Dalby%20fvof&sp=false,
460,Djursbo-Sjöarps fvof,Kalmar,Hultsfred,,https://fiskekartan.se/?fv=Djursbo-Sjöarps%20fvof&sp=false,
2076,Fridene fvof,Västra Götaland,"Hjo, Tidaholm",,https://fiskekartan.se/?fv=Fridene%20fvof&sp=false,
21,Gammelstilla fvof,Gävleborg,"Hofors, Sandviken",,https://fiskekartan.se/?fv=Gammelstilla%20fvof&sp=false,
1403,Gransjöns fvof,Östergötland,Ydre,,https://fiskekartan.se/?fv=Gransjöns%20fvof&sp=false,
607,Gässjöns fvof,Kronoberg,"Värnamo, Ljungby",,https://fiskekartan.se/?fv=Gässjöns%20fvof&sp=false,
1346,Gårdnäs-Ås fvof,Västernorrland,Sollefteå,,https://fiskekartan.se/?fv=Gårdnäs-Ås%20fvof&sp=false,
670,Hakkas fvof,Norrbotten,Gällivare,,https://fiskekartan.se/?fv=Hakkas%20fvof&sp=false,
1360,Haverö fvof,Västernorrland,Ånge,,https://fiskekartan.se/?fv=Haverö%20fvof&sp=false,
1705,Hemsjöns fvof,Örebro,Lekeberg,www.vattenagarna.se/orebro-lans-fiskevattenagareforbund/?o=608,https://fiskekartan.se/?fv=Hemsjöns%20fvof&sp=false,
1464,Hestrasjöns fvof,Östergötland,Ydre,,https://fiskekartan.se/?fv=Hestrasjöns%20fvof&sp=false,
1985,Hällsjöns fvof,Västra Götaland,Härryda,,https://fiskekartan.se/?fv=Hällsjöns%20fvof&sp=false,
807,Igelbålens fvof,Södermanland,Vingåker,,https://fiskekartan.se/?fv=Igelbålens%20fvof&sp=false,
631,Kallöns fvof,Norrbotten,Arjeplog,,https://fiskekartan.se/?fv=Kallöns%20fvof&sp=false,https://www.ifiske.se/fiske-kallon-storavan.htm
1181,Klocke-Grubbe fvof,Västernorrland,Kramfors,,https://fiskekartan.se/?fv=Klocke-Grubbe%20fvof&sp=false,
774,Koholma fvof,Stockholm,Norrtälje,,https://fiskekartan.se/?fv=Koholma%20fvof&sp=false,
1461,Kristinebergs fvof,Östergötland,Linköping,,https://fiskekartan.se/?fv=Kristinebergs%20fvof&sp=false,
503,Ljudersjöns fvof,Kronoberg,Lessebo,,https://fiskekartan.se/?fv=Ljudersjöns%20fvof&sp=false,
561,Långaskruvs fvof,Kronoberg,Uppvidinge,,https://fiskekartan.se/?fv=Långaskruvs%20fvof&sp=false,
2047,Norra Simmesjöns fvof,Västra Götaland,"Tranemo, Svenljunga",,https://fiskekartan.se/?fv=Norra%20Simmesjöns%20fvof&sp=false,https://www.ifiske.se/a/482
668,Nurrholms fvof,Norrbotten,Arjeplog,,https://fiskekartan.se/?fv=Nurrholms%20fvof&sp=false,
766,Rumsättra fvof,Stockholm,"Vallentuna, Österåker, Norrtälje",,https://fiskekartan.se/?fv=Rumsättra%20fvof&sp=false,
1015,Rödåbygdens fvof,Västerbotten,"Vindeln, Umeå",,https://fiskekartan.se/?fv=Rödåbygdens%20fvof&sp=false,
406,Sandsjöns fvof,Kalmar,Västervik,,https://fiskekartan.se/?fv=Sandsjöns%20fvof&sp=false,
2014,Sassarps fvof,Västra Götaland,Ulricehamn,,https://fiskekartan.se/?fv=Sassarps%20fvof&sp=false,
2207,Skärsjöns fvof,Skåne,Hässleholm,,https://fiskekartan.se/?fv=Skärsjöns%20fvof&sp=false,
1274,Snöbergs fvof,Västernorrland,Ånge,www.vattenagarna.se/vasternorrlands-lans-fiskerattsagareforbund/?o=542,https://fiskekartan.se/?fv=Snöbergs%20fvof&sp=false,
1259,Stora och lilla Grundsjöns fvof,Västernorrland,Ånge,,https://fiskekartan.se/?fv=Stora%20och%20lilla%20Grundsjöns%20fvof&sp=false,
1388,Storsjöns fvof,Västmanland,Sala,,https://fiskekartan.se/?fv=Storsjöns%20fvof&sp=false,
606,Svartasjöns fvof,Kronoberg,Tingsryd,,https://fiskekartan.se/?fv=Svartasjöns%20fvof&sp=false,
893,Svinsjöns fvof,Värmland,"Forshaga, Karlstad",,https://fiskekartan.se/?fv=Svinsjöns%20fvof&sp=false,
745,Söderhenninge fvof,Stockholm,Norrtälje,,https://fiskekartan.se/?fv=Söderhenninge%20fvof&sp=false,
665,Södra Sandträsk fvof,Norrbotten,Arvidsjaur,,https://fiskekartan.se/?fv=Södra%20Sandträsk%20fvof&sp=false,
2009,Visslaåns fvof,Västra Götaland,Trollhättan,,https://fiskekartan.se/?fv=Visslaåns%20fvof&sp=false,
1466,Vägsjöns fvof,Östergötland,"Finspång, Motala",,https://fiskekartan.se/?fv=Vägsjöns%20fvof&sp=false,
2383,Västra Mölndalsåns fvof,Jönköping,,,https://fiskekartan.se/?fv=Västra%20Mölndalsåns%20fvof&sp=false,https://ifiske.se
771,Våmfjärdens fvof,Stockholm,Värmdö,,https://fiskekartan.se/?fv=Våmfjärdens%20fvof&sp=false,
1850,Älesjöns fvof,Västra Götaland,Svenljunga,,https://fiskekartan.se/?fv=Älesjöns%20fvof&sp=false,
330,Älmeshultasjöns fvof,Jönköping,Nässjö,,https://fiskekartan.se/?fv=Älmeshultasjöns%20fvof&sp=false,
2058,Öresjöns fvof,Västra Götaland,"Härryda, Mark",,https://fiskekartan.se/?fv=Öresjöns%20fvof&sp=false,
2384,Östra Mölndalsån fvof,Jönköping,,,https://fiskekartan.se/?fv=Östra%20Mölndalsån%20fvof&sp=false,
