namn,lan,luckor,spegel_url
Aareavaara fvof,Norrbotten,Id,https://www.ifiske.se/fiske-aareavaara-fvof-muonio-alv-aareajoki-och-aareajarvet.htm
Almaåns övre fvof,Skåne,Havsöring,https://www.ifiske.se/fiske-almaan-ovre.htm
Alstern-Lungens fvof,Värmland,Regnbåge,https://www.ifiske.se/fiske-alstern-lungens-fvof.htm
Alsterns fvof,Värmland,Sarv; Stensimpa; Ål,https://www.ifiske.se/fiske-sjon-alstern-samt-del-av-alsteralven.htm
Alsterån-Lillåns fvof,Kronoberg,Sutare,https://www.ifiske.se/fiske-alsteran-lillan-fvof.htm
Anderstorps fvof,Jönköping,Gös,https://www.ifiske.se/fiske-haren.htm
Anebysjöns fvof,Jönköping,Björkna,https://www.ifiske.se/fiske-anebysjon.htm
Anjan-Gråsjöns fvof,Jämtland,Abborre; Kanadaröding; Sik,https://www.ifiske.se/fiske-anjan-grasjon-kallsjon-m-fl-vatten.htm
Anundsjöns fvof,Västernorrland,Braxen; Bäckröding; Gärs; Gös; Havsöring; Id; Kanadaröding; Ruda; Röding; Sik; Sutare; Ål,https://www.ifiske.se/fiske-anundsjon-moalven-sodra-anundsjoan-mfl.htm
Aplungens fvof,Värmland,Bäckröding; Gös; Lake; Ål,https://www.ifiske.se/fiske-aplungen-grasjon-mfl.htm
Armsjöarnas fvof,Västerbotten,Röding,https://www.ifiske.se/fiske-vastansjo-lilltjarn-storarmsjo-lillarmsjo-mfl.htm
Askesjö fvof,Västra Götaland,Lake,https://www.ifiske.se/fiske-askesjo.htm
Aspeboda fvof,Dalarna,Nors; Sik,https://www.ifiske.se/fiske-stora-aspan-lilla-aspan-spjutsjon-m-fl-vatten.htm
Aspens fvof,Västra Götaland,Bergsimpa; Braxen; Gärs; Gös; Karp; Nors; Ruda; Sik; Siklöja,https://www.ifiske.se/fiske-aspen-del-av-savean.htm
Aspens fvof,Värmland,Asp; Flodkräfta; Id,https://www.ifiske.se/fiske-sjon-aspen-varmland.htm
Assman-Ätrans fvof,Västra Götaland,Braxen,https://www.ifiske.se/fiske-atran-assman.htm
Attmars fvof,Västernorrland,Havsöring; Siklöja; Ål,https://www.ifiske.se/fiske-attmar-fvo.htm
Ballingslövssjöns och Ottarpssjöns fvof,Skåne,Färna; Gös; Karp,https://www.ifiske.se/fiske-ballingslovssjon-ottarpasjon.htm
Barkensjöarnas fvof,Dalarna,Sutare; Ål,https://www.ifiske.se/fiske-barken-flaten-snuvtjarn-m-fl-sjoar.htm
Bengtsbrohöljens fvof,Västra Götaland,Signalkräfta; Sutare,https://www.ifiske.se/fiske-bengtsbroholjens-fvof.htm
Bensjö fvof,Jämtland,Bäckröding; Flodkräfta; Regnbåge; Signalkräfta,https://www.ifiske.se/fiske-flottringen-bensjon-bodtjarn-dysjon.htm
Bergeforsens fvof,Västernorrland,Flodkräfta; Havsöring; Nors; Signalkräfta; Vimma; Ål,https://www.ifiske.se/fiske-nedre-indalsalven.htm
Billsjösjöns fvof,Västernorrland,Lake; Nors,https://www.ifiske.se/fiske-billsjosjon-stenslandstjarnen-skisjon-gastjarnen.htm
Bjensjöns fvof,Västerbotten,Gös; Lake,https://www.ifiske.se/fiske-bjannsjon.htm
Bjärsens fvof,Östergötland,Braxen; Gädda; Gös,https://www.ifiske.se/fiske-bjarsen.htm
Bjäsäters fvof,Östergötland,Gös,https://www.ifiske.se/fiske-bjan.htm
Björkerns fvof,Östergötland,Ål,https://www.ifiske.se/fiske-bjorkern.htm
Björklångens fvof,Värmland,Röding; Signalkräfta; Ål,https://www.ifiske.se/fiske-bjorklangens-ostra-hinnsjon-igeltjarn.htm
Björksele fvof  (Åsele),Västerbotten,Gärs; Id; Mört; Regnbåge; Stäm,https://www.ifiske.se/fiske-hallbymagasinet-stenbittjarn-abborrtjarn-m-fl-vatten.htm
Björkåns fvof,Västernorrland,Ruda,https://www.ifiske.se/fiske-bjorkan-bjorksjon-ravsjon-mfl.htm
Björna fvof,Västernorrland,Abborre; Bergsimpa; Braxen; Bäckröding; Gädda; Gärs; Gös; Harr; Id; Lake; Mört; Nors; Ruda; Röding; Signalkräfta; Siklöja; Öring,https://www.ifiske.se/fiske-vastersjon-kravattnet-m-fl-vatten.htm
Blattnicksele-Huftasjö fvof,Västerbotten,Havsöring,https://www.ifiske.se/fiske-blattnicksele-huftasjo.htm
Blomskogs fvof,Värmland,Ruda,https://www.ifiske.se/fiske-nedre-blomsjon-ovre-blomsjon-algusvattnet-mfl.htm
Bogens fvof,Värmland,Regnbåge; Siklöja; Ål,https://www.ifiske.se/fiske-lomsen-lilleken-skalsjon-stor-och-lill-tvallen-mfl.htm
Bollnäs norra fvof,Gävleborg,Regnbåge; Röding,https://www.ifiske.se/fiske-arbras-fvf-lillsjon-stugsjon-ljusnan-mm.htm
Borens fvof,Östergötland,Gös,https://www.ifiske.se/fiske-boren.htm
Borgsjö fvof,Västerbotten,Siklöja; Ål,https://www.ifiske.se/fiske-borgsjon-orgsjon-norsjon-lill-valvattnet-giktasjon-och-holmsjon.htm
Borgsjöbyns fvof,Västernorrland,Mört; Regnbåge,https://www.ifiske.se/fiske-borgsjobyns.htm
Borlänge centrala fvof,Dalarna,Sik; Stäm,https://www.ifiske.se/fiske-dalalven-batstasjon-bysjon-mfl.htm
Borrsjöåns fvof,Gävleborg,Signalkräfta,https://www.ifiske.se/fiske-borrsjoans-fvo.htm
Borssjöns fvof,Värmland,Braxen; Gös,https://www.ifiske.se/fiske-borssjon.htm
Borstingens fvof,Kalmar,Lake; Signalkräfta,https://www.ifiske.se/fiske-borstingen.htm
Bortan-Häljeboda fvof,Värmland,Björkna; Ruda; Sarv; Sutare,https://www.ifiske.se/fiske-stora-bogtjarnet-vallen-borgsjon-m-fl-vatten.htm
Boskvarnasjöns fvof,Jönköping,Signalkräfta,https://www.ifiske.se/fiske-boskvarnasjon-lillesjon.htm
Broby Genastorps fvof,Skåne,Sutare,https://www.ifiske.se/fiske-helge-a-broby-genastorp.htm
Bure-Kåtalidens fvof,Västerbotten,Björkna; Braxen; Flodkräfta; Gärs; Gös; Karp; Mört; Nors; Ruda; Sarv; Signalkräfta; Sutare; Ål,https://www.ifiske.se/fiske-sportfiska-i-sovdesjon-ab-sovdesjon-.htm
Bureälvens nedre fvof,Västerbotten,Flodkräfta; Ruda; Röding; Stäm; Ål,https://www.ifiske.se/fiske-nedre-burealven.htm
By fvof,Dalarna,Faren; Färna; Röding; Stäm; Vimma,https://www.ifiske.se/fiske-by-fvof.htm
Bysjön-Malmingens fvof,Kalmar,Signalkräfta,https://www.ifiske.se/fiske-bysjon-malmingen.htm
Bysjöns fvof,Värmland,Björkna; Sarv,https://www.ifiske.se/fiske-bysjon-varmland.htm
Byske älvs övre fvof,Norrbotten,Id; Röding; Sik,https://www.ifiske.se/fiske-byskealvens-ovre-fvo.htm
Bäveåns nedre fvof,Västra Götaland,Braxen; Sarv,https://www.ifiske.se/fiske-nedre-bavean.htm
Bölens fvof,Västernorrland,Harr; Röding,https://www.ifiske.se/fiske-bolens-fvof-stortjarn-hamptjarn.htm
Böljesjöns fvof,Västra Götaland,Gädda; Röding,https://www.ifiske.se/fiske-abborresjon-boljesjon-ottersjon-stora-kroksjon.htm
Börtnans fvof,Jämtland,Bäckröding; Regnbåge; Röding; Sik,https://www.ifiske.se/fiske-bortnans.htm
Dansjö-Furens fvof,Kronoberg,Signalkräfta,https://www.ifiske.se/fiske-dansjon-furen.htm
Dragans fvof,Jämtland,Abborre; Gädda; Harr; Id; Lake; Mört; Regnbåge; Sik,https://www.ifiske.se/fiske-stroms-vattudal-ogelstrommen-gardviken-m-fl-vatten.htm
Ede-Grenås fvof,Jämtland,Harr; Regnbåge; Röding; Öring,https://www.ifiske.se/fiske-edessjon-grenassjon-tannsjon-m-fl-vatten.htm
Ekenässjöns fvof,Jönköping,Siklöja,https://www.ifiske.se/fiske-ekenassjon.htm
Emten-Flämsjöns fvof,Västra Götaland,Gärs; Sarv,https://www.ifiske.se/fiske-emten-amten-och-flamsjon.htm
Emåns fvof,Kalmar,Asp; Björkna; Bäckröding; Gädda; Gös; Havsöring; Id; Karp; Lax; Regnbåge; Ruda; Signalkräfta; Sik; Siklöja; Vimma; Ål,https://www.ifiske.se/fiske-emans-fvof-eman-mellan-klovdala-och-ryningen.htm
Erkens fvof,Stockholm,Havsöring; Id; Regnbåge; Vimma,https://www.ifiske.se/fiske-norrtaljean-erken-langsjon-m-fl-vatten.htm
Erve-Ränns fvof,Västra Götaland,Bergsimpa; Björkna; Braxen; Flodkräfta; Stensimpa,https://www.ifiske.se/fiske-erve-ranns-fvof.htm
Exens fvof,Kronoberg,Lake; Mal; Sutare; Ål,https://www.ifiske.se/fiske-exen-bolman.htm
Faxebygdens fvof,Jämtland,Braxen; Ål,https://www.ifiske.se/fiske-rinnen-stensvattnet-stora-ulvsjon-m-fl-vatten.htm
Fillingsjöns fvof,Västra Götaland,Ål,https://www.ifiske.se/fiske-fillingsjon-haltjarnet-orsbytjarnen-m-fl-vatten.htm
Finnmarkens fvof,Gävleborg,Gös; Mört; Röding,https://www.ifiske.se/fiske-finnmarken.htm
Fiskestadssjöns fvof,Kronoberg,Signalkräfta,https://www.ifiske.se/fiske-fiskestadsjon-kroksjons.htm
Fjällsjön-Öjenässjöns fvof,Värmland,Asp; Gös,https://www.ifiske.se/fiske-nysockensjons-amotsalven-m-fl-vatten.htm
Flagornas fvof,Värmland,Asp; Färna,https://www.ifiske.se/fiske-flagorna-sandsjon.htm
Flaten m.fl sjöars fvof,Kalmar,Asp; Braxen; Id; Mal; Ruda; Sarv; Signalkräfta; Siklöja; Sutare; Ål; Öring,https://www.ifiske.se/fiske-flaten-bysjon-melsjon-yttre-vrangen-mfl.htm
Floda-Björbo fvof,Dalarna,Regnbåge; Signalkräfta; Siklöja; Stäm; Sutare; Vimma; Ål,https://www.ifiske.se/fiske-floda-bjorbo.htm
Forsa fvof,Gävleborg,Flodkräfta; Gös; Sarv,https://www.ifiske.se/fiske-storsjon-langsjon-kyrksjon-matnasviken-svartsjon-bartjarn-mfl.htm
Forsa-Veka fvof,Västra Götaland,Gädda; Ål,https://www.ifiske.se/fiske-atran-forsa-till-veka.htm
Forshagaforsens fvof,Värmland,Asp; Bergsimpa; Björkna; Braxen; Gädda; Gärs; Gös; Harr; Id; Mört; Nors; Ruda; Sarv; Signalkräfta; Stäm; Sutare; Öring,https://www.ifiske.se/fiske-forshagaforsen.htm
Foxens fvof,Värmland,Röding,https://www.ifiske.se/fiske-foxen-stora-le.htm
Fredriksdalasjöns fvof,Jönköping,Signalkräfta,https://www.ifiske.se/fiske-fredriksdalasjon.htm
Frisjöns fvof,Västra Götaland,Bergsimpa,https://www.ifiske.se/fiske-frisjons-fvof.htm
Frissjöns fvof,Jönköping,Signalkräfta; Siklöja,https://www.ifiske.se/fiske-frissjon.htm
Frykens fvof,Värmland,Lax; Siklöja; Ål,https://www.ifiske.se/fiske-frykens-fryken-inom-sunne-kommun.htm
Fröåtjärns fvof,Jämtland,Lake; Öring,https://www.ifiske.se/fiske-froatjarn.htm
Färgensjöarnas fvof,Halland,Nors; Regnbåge; Öring,https://www.ifiske.se/fiske-stora-fargen-mellan-fargen-sodra-fargen-yabergssjon-hallasjon-holmsjon.htm
Färgensjöarnas fvof,Västra Götaland,Bäckröding; Karp; Mal,https://www.ifiske.se/fiske-fargensjoarna-stora-och-lilla-fargen.htm
Färnebofjärdens fvof,Gävleborg,Bergsimpa; Flodkräfta; Signalkräfta; Stensimpa,https://www.ifiske.se/fiske-farnebofjarden.htm
Fåsjöns fvof,Örebro,Gös; Sutare,https://www.ifiske.se/fiske-fasjons-fvof.htm
Föreda fvof,Jönköping,Regnbåge,https://www.ifiske.se/fiske-foreda-kvarndamm.htm
Gagnef-Mockfjärds fvof,Dalarna,Regnbåge; Röding; Sarv; Stäm; Sutare; Vimma; Ål,https://www.ifiske.se/fiske-mockfjard.htm
Galtsjöns fvof,Blekinge,Gädda; Regnbåge,https://www.ifiske.se/fiske-galtsjon.htm
Gaperns fvof,Värmland,Ål,https://www.ifiske.se/fiske-gapern.htm
Gargnäs-Råstrands fvof,Västerbotten,Siklöja,https://www.ifiske.se/fiske-laxsele.htm
Garnsvikens fvof,Stockholm,Havsöring; Lake; Signalkräfta; Vimma; Ål,https://www.ifiske.se/fiske-garnsvikens-fvof.htm
Gavel-Långsjöns fvof,Stockholm,Signalkräfta,https://www.ifiske.se/fiske-gavellangsjon.htm
Gesundens fvof,Jämtland,Regnbåge,https://www.ifiske.se/fiske-gesunden.htm
Giertsbäckens fvof,Västerbotten,Bäckröding; Id; Mört; Siklöja,https://www.ifiske.se/fiske-giertsbackens-fiskevardsomrade.htm
Gimmens fvof,Dalarna,Regnbåge; Signalkräfta,https://www.ifiske.se/fiske-gimmen-samt-smatjarnar.htm
Gisshultasjöns fvof,Jönköping,Signalkräfta,https://www.ifiske.se/fiske-gisshultasjon.htm
Glafsfjordens fvof,Värmland,Asp; Björkna; Braxen; Faren; Gärs; Gös; Nors; Sarv; Sik; Siklöja; Sutare; Ål,https://www.ifiske.se/fiske-glafsfjorden.htm
Glans fvof,Östergötland,Vimma; Ål,https://www.ifiske.se/fiske-glan.htm
Glottern-Sjöarnas fvof,Östergötland,Lake; Regnbåge,https://www.ifiske.se/fiske-nedre-glottern-ovre-glottern-mfl.htm
Gnestaortens fvof,Södermanland,Nors; Ruda; Sik,https://www.ifiske.se/fiske-gnestaortens-fvof.htm
Granboforsens fvof,Jämtland,Röding,https://www.ifiske.se/fiske-granboforsen-indalsalven-m-fl-vatten.htm
Grangärde fvof,Dalarna,Bäckröding; Ruda,https://www.ifiske.se/fiske-grangarde-fvof.htm
Graninge fvof,Västernorrland,Flodkräfta; Nors,https://www.ifiske.se/fiske-graningesjon-grossjon-stor-haggsjon-lovsjon-och-hoan.htm
Greningsjön-Halasjöns fvof,Jämtland,Harr; Mört; Öring,https://www.ifiske.se/fiske-greningssjon-halasjons-fvof.htm
Grimnäs-Landsomfjärdens fvof,Jämtland,Flodkräfta,https://www.ifiske.se/fiske-revsundssjon-grimnasfjarden-m-fl-vatten.htm
Grytteredssjöns fvof,Västra Götaland,Ål,https://www.ifiske.se/fiske-grytteredssjon.htm
Gudmundaredssjöns fvof,Halland,Björkna; Braxen; Flodkräfta; Gärs; Gös; Karp; Nors; Ruda; Sarv; Signalkräfta; Ål,https://www.ifiske.se/fiske-sportfiska-i-sovdesjon-ab-sovdesjon-.htm
Gullsjö fvof,Västerbotten,Lake,https://www.ifiske.se/fiske-gullsjo-fvof-gullsjon.htm
Gullspångsälvens fvof,Västra Götaland,Asp; Sutare; Vimma,https://www.ifiske.se/fiske-gullspangsalven.htm
Gunnarbäckens-Juktåns nedre fvof,Västerbotten,Braxen; Hornsimpa,https://www.ifiske.se/fiske-gunnarbacken-juktans-nedre-fvof.htm
Gustafs fvof,Dalarna,Gös; Signalkräfta; Sutare; Ål,https://www.ifiske.se/fiske-gustafs-fvof.htm
Gårdviks fvof,Dalarna,Björkna; Braxen; Färna; Id; Nors; Sarv; Signalkräfta; Vimma,https://www.ifiske.se/fiske-gardvikssjon-stortjarn.htm
Gåxsjön-Storåns fvof,Jämtland,Gädda; Harr; Röding; Sik,https://www.ifiske.se/fiske-gaxsjon-storan.htm
Görviks fvof,Jämtland,Harr,https://www.ifiske.se/fiske-gorviks-fvof.htm
"Göta älv, Tvåstads fvof",Västra Götaland,Asp; Bergsimpa; Faren; Färna; Id; Sik; Siklöja; Vimma,https://www.ifiske.se/fiske-norra-gota-alv.htm
"Göta älvs fvof, Göteborg-Ale",Västra Götaland,Björkna; Gös; Karp; Regnbåge; Ruda; Röding; Sik,https://www.ifiske.se/fiske-gula-kortet-goteborg.htm
Halens fvof,Blekinge,Gös; Mal; Siklöja; Sutare,https://www.ifiske.se/fiske-halen.htm
Hammarsjöns fvof,Kronoberg,Karp; Öring,https://www.ifiske.se/fiske-hammarsjon-lagaan.htm
Hamrånge fvof,Gävleborg,Havsöring,https://www.ifiske.se/fiske-torrhedstjarn-norrlaxen-hamrangefjarden-storsjo-viksjo-hamrangean.htm
Hargsjöns fvof,Östergötland,Björkna; Sutare; Ål,https://www.ifiske.se/fiske-hargsjon.htm
Hedesunda och Söderforsfjärdarnas fvof,Gävleborg,Regnbåge,https://www.ifiske.se/fiske-dalalven-soderfors-hedesunda-hjallsjon.htm
Helgum-Gådeåns fvof,Västernorrland,Harr; Havsöring,https://www.ifiske.se/fiske-helgum-gadeans-fvof-samt-nassjon.htm
Hensjöns fvof,Jönköping,Gärs; Sik; Siklöja,https://www.ifiske.se/fiske-fegen.htm
Hillen och Rydsjöns fvof,Jönköping,Björkna,https://www.ifiske.se/fiske-allsarpasjon-brohultssjon-och-mosjon.htm
Hillringsbergs fvof,Värmland,Signalkräfta,https://www.ifiske.se/fiske-hillringsbergs-fvof-mfl-sjoar.htm
Hinsen-Logärdens fvof,Dalarna,Regnbåge; Signalkräfta; Ål,https://www.ifiske.se/fiske-lilla-logarden-djuptjarn-logarden-m-fl-vatten.htm
Hjortens fvof,Kalmar,Signalkräfta,https://www.ifiske.se/fiske-hjortens-fvof-vimmerby.htm
Hjortens fvof (Hjortesjön),Kalmar,Signalkräfta,https://www.ifiske.se/fiske-hjortesjon-virserum.htm
Hjärtasjöns fvof,Kronoberg,Lake,https://www.ifiske.se/fiske-storsjons-fvof-askersund.htm
Hjärtasjöns fvof,Örebro,Braxen; Gös; Ål,https://www.ifiske.se/fiske-storsjons-fvof-askersund.htm
Hofors fvof,Gävleborg,Braxen; Nors; Sik; Sutare; Ål,https://www.ifiske.se/fiske-hofors.htm
Holjeåns fvof,Blekinge,Havsöring,https://www.ifiske.se/fiske-holjean.htm
Holmedalssjöns fvof,Värmland,Braxen; Id,https://www.ifiske.se/fiske-holmedalssjon-lianetjarn-m-fl-vatten.htm
Holms fvof,Västernorrland,Braxen; Regnbåge; Röding,https://www.ifiske.se/fiske-holms-fvo.htm
Holmsjöarnas fvof,Kalmar,Gös; Sarv,https://www.ifiske.se/fiske-stora-holmsjon.htm
Holmträsk-Storsjö fvof,Västerbotten,Harr; Lake; Regnbåge; Sik,https://www.ifiske.se/fiske-holmtrask-storsjo-fvo.htm
Hossmo fvof,Kalmar,Regnbåge; Sarv; Sik; Vimma; Ål,https://www.ifiske.se/fiske-ljungbyan-i-hossmo.htm
Hovermoån-Högåns fvof,Jämtland,Harr,https://www.ifiske.se/fiske-hovermoan-hogans-fvof.htm
Hulingens fvof,Kalmar,Karp; Lake; Regnbåge; Sik; Siklöja; Sutare; Ål; Öring,https://www.ifiske.se/fiske-sfk-kroken-stora-hammarsjons-fvo-och-hulingens-fvo.htm
Hultasjöns fvof,Kronoberg,Björkna; Sutare; Ål,https://www.ifiske.se/fiske-hultasjons-fvof-hultasjon.htm
Hultebräans m.fl sjöars fvof,Kalmar,Gös,https://www.ifiske.se/fiske-hultebraan.htm
Hultsjö södra fvof,Jönköping,Björkna; Flodkräfta,https://www.ifiske.se/fiske-ovingen-furusjon-myingen-mfl.htm
Humla-Kölaby fvof,Västra Götaland,Signalkräfta,https://www.ifiske.se/fiske-atran-kolaby-hasthagen-knektakvarn-blidsberg.htm
Hummelns fvof,Kalmar,Stensimpa; Sutare; Ål,https://www.ifiske.se/fiske-hummeln.htm
Husby Norra fvof,Dalarna,Id; Sutare,https://www.ifiske.se/fiske-husby-norra-fvof.htm
Husby-Hedemora fvof,Dalarna,Asp; Regnbåge; Ål,https://www.ifiske.se/fiske-husby-hedemora-fvof.htm
Huså-Smedjevikens fvof,Jämtland,Abborre,https://www.ifiske.se/fiske-kallsjon-husa-smedjeviken.htm
Hyllens fvof,Kronoberg,Signalkräfta,https://www.ifiske.se/fiske-hyllens-fvof.htm
Hyns fvof,Värmland,Ruda,https://www.ifiske.se/fiske-hyns-fvof.htm
Hällsjö fvof,Västernorrland,Gös; Lake; Öring,https://www.ifiske.se/fiske-stor-hallsjon-lill-hallsjon-morttjarn.htm
Hällån-Hållstaåns fvof,Jämtland,Björkna; Braxen; Flodkräfta; Gärs; Gös; Karp; Nors; Ruda; Sarv; Signalkräfta; Sutare; Ål,https://www.ifiske.se/fiske-sportfiska-i-sovdesjon-ab-sovdesjon-.htm
Hälsjön-Byasjöns fvof,Östergötland,Braxen,https://www.ifiske.se/fiske-byasjon-halsjon.htm
Häråns fvof,Jönköping,Id; Signalkräfta; Sik,https://www.ifiske.se/fiske-harans-fvof.htm
Hästsjöns fvof,Jönköping,Signalkräfta,https://www.ifiske.se/fiske-hastsjon.htm
Hålteby-Rinnens fvof,Värmland,Regnbåge; Ål,https://www.ifiske.se/fiske-rinnen-halevattnet-mossjon-m-fl-vatten.htm
Högsjöns fvof,Västra Götaland,Ål,https://www.ifiske.se/fiske-hogsjons-fvof-med-sjoarna-hogsjon-hallesjon-och-amtasjon.htm
Hökesjöns fvof,Jönköping,Bäckröding; Id; Ruda; Röding; Signalkräfta; Öring,https://www.ifiske.se/fiske-hokesjons-fvof-habo-kommun.htm
Hönshyltefjordens nya fvof,Kronoberg,Ruda,https://www.ifiske.se/fiske-honshyltefjorden-m-fl-vatten.htm
Hörendesjöns fvof,Västmanland,Sarv; Signalkräfta; Sutare,https://www.ifiske.se/fiske-horendesjon.htm
Hörnåns fvof,Västerbotten,Regnbåge,https://www.ifiske.se/fiske-hornan.htm
Indalsälven-Fors fvof,Jämtland,Harr,https://www.ifiske.se/fiske-indalsalven-fors-fvo.htm
Ingarpasjöns fvof,Jönköping,Signalkräfta,https://www.ifiske.se/fiske-ingarpasjons-fvof.htm
Ingsjöarnas och Oxsjöns fvof,Västra Götaland,Sarv; Stäm,https://www.ifiske.se/fiske-ingsjoarna-oxsjon.htm
Innarens fvof,Kronoberg,Lake; Mal; Ål,https://www.ifiske.se/fiske-innaren.htm
Ivösjöns fvof,Skåne,Havsöring; Id; Ruda,https://www.ifiske.se/fiske-ivosjon-levrasjon.htm
Jutterns och Ärlångens fvof,Kalmar,Flodkräfta; Karp; Signalkräfta,https://www.ifiske.se/fiske-sportfiska-i-sovdesjon-ab-sovdesjon-.htm
Järbo fvof,Gävleborg,Braxen,https://www.ifiske.se/fiske-jarbo-fvof.htm
Järilvattnets fvof,Jämtland,Abborre; Id; Kanadaröding; Röding,https://www.ifiske.se/fiske-jarilvattnet-vastervattnet.htm
Järna fvof,Dalarna,Asp; Björkna; Braxen; Bäckröding; Faren; Färna; Hornsimpa; Id; Karp; Nors; Regnbåge; Ruda; Röding; Sarv; Signalkräfta; Sik; Sutare; Vimma; Ål,https://www.ifiske.se/fiske-vanan-vasterdalalven-van-m-fl-vatten.htm
Järnsjöns fvof,Värmland,Asp; Gös; Vimma; Ål,https://www.ifiske.se/fiske-jarnsjon-nedre-tvangen-m-fl-vatten.htm
Kabbosjöns fvof,Västra Götaland,Gädda; Gärs; Gös; Lax; Nors; Signalkräfta; Siklöja,https://www.ifiske.se/fiske-kabbosjons-fvof.htm
Kalefjärdens fvof,Östergötland,Mört; Nors; Ruda; Sarv; Signalkräfta; Sik; Stensimpa; Sutare; Vimma; Ål,https://www.ifiske.se/fiske-kalefjarden-i-tisnaren.htm
Kallöns fvof,Norrbotten,Abborre; Asp; Gädda; Harr; Lake; Sik; Siklöja; Öring,https://www.ifiske.se/fiske-kallon-storavan.htm
Kalvs fvof,Västra Götaland,Ål,https://www.ifiske.se/fiske-kalvsjon-och-svansjoarna.htm
Kisasjöarnas fvof,Östergötland,Sarv,https://www.ifiske.se/fiske-kisasjon-knoppetorpssjon.htm
Klarälven inom Munkfors kommuns fvof,Värmland,Lax; Nors; Röding,https://www.ifiske.se/fiske-klaralven-inom-munkfors-kommun.htm
Klarälven-Löved fvof,Värmland,Harr; Lax; Öring,https://www.ifiske.se/fiske-klaralven-loved-fvof.htm
Klintforsåns övre fvof,Västerbotten,Regnbåge,https://www.ifiske.se/fiske-bastutrasket-klocktrasket-klintforsan-stortjarn.htm
Komsta-Åse fvof,Västernorrland,Abborre; Gädda; Mört; Regnbåge; Ruda; Röding; Sik,https://www.ifiske.se/fiske-komsta-ase-fvo-gottjarn-andalstjarn-hokastjarn-skinnsjoarna-mfl.htm
Krycklans fvof,Västerbotten,Abborre; Mört,https://www.ifiske.se/fiske-krycklans.htm
Krångfors fvof,Västerbotten,Flodkräfta,https://www.ifiske.se/fiske-skelleftealven-krangbacken-hastbacken.htm
Kungsbackaåns fvof,Halland,Braxen; Havsöring; Sik,https://www.ifiske.se/fiske-kungsbackaan.htm
Kvarnsjöarnas fvof,Jönköping,Signalkräfta,https://www.ifiske.se/fiske-kvarnsjoarnas-fvof-ovre-och-nedre-kvarnsjon.htm
Kvarnsjön-Fullhövdens fvof,Kronoberg,Ål,https://www.ifiske.se/fiske-kvarnsjon-fullhovden.htm
Kyrksjöns m.fl  sjöars fvof,Kalmar,Ruda; Signalkräfta; Ål,https://www.ifiske.se/fiske-kyrksjons-m-fl-sjoars-fvo.htm
Kävlingeåns-Löddeåns fvof,Skåne,Braxen; Havsöring; Sarv; Sutare,https://www.ifiske.se/fiske-kavlingeans-loddeans-fvof.htm
Kårhultasjöns fvof,Kalmar,Gös; Lake; Ål,https://www.ifiske.se/fiske-karahultsjon-yggersrydsjon.htm
Kåsjöns fvof,Västra Götaland,Asp; Björkna; Braxen; Färna; Gös; Id; Karp; Lake; Lax; Regnbåge; Ruda; Röding; Sarv; Sik; Öring,https://www.ifiske.se/fiske-gula-kortet-goteborg.htm
Lagan-Hjörneredssjöarnas fvof,Halland,Havsöring,https://www.ifiske.se/fiske-lagan-hjorneredssjon.htm
Lagans (Hamneda-Traryd) fvof,Kronoberg,Id; Lake; Mal; Regnbåge; Ruda; Sarv; Öring,https://www.ifiske.se/fiske-lagan-och-trarydsdammen.htm
Landsjöbygdens fvof,Västernorrland,Gös; Regnbåge; Röding,https://www.ifiske.se/fiske-landsjosjon-getingstasjon-m-fl-vatten.htm
Landsjöns fvof,Jönköping,Flodkräfta; Signalkräfta,https://www.ifiske.se/fiske-landsjon.htm
Landösjöns fvof,Jämtland,Abborre; Kanadaröding; Röding; Sik,https://www.ifiske.se/fiske-landogssjon-langan-akeran.htm
Lassesjö fvof,Västra Götaland,Ål,https://www.ifiske.se/fiske-lassesjo-fvof.htm
Laxsjö fvof,Jämtland,Id; Mört; Sik,https://www.ifiske.se/fiske-laxsjo-fvof.htm
Laxsjöns fvof,Västra Götaland,Lax; Sutare,https://www.ifiske.se/fiske-laxsjon-langbroholjen.htm
Laxvikens fvof,Jämtland,Mört,https://www.ifiske.se/fiske-hotagsstrommen-stora-kungsvattnet-lilla-kungsvattnet-mfl.htm
Lekvattnets fvof,Värmland,Björkna; Hornsimpa,https://www.ifiske.se/fiske-lekvattnets-fvo.htm
Lerans fvof,Dalarna,Braxen; Id; Regnbåge; Sarv; Sutare,https://www.ifiske.se/fiske-leran.htm
Lersjön-Flatsjöns fvof,Värmland,Braxen; Lake; Mört; Ruda,https://www.ifiske.se/fiske-lersjons-flatsjons.htm
Levrasjöns fvof,Skåne,Björkna; Gös; Havsöring; Id; Lake; Nors; Ruda; Signalkräfta; Siklöja; Ål; Öring,https://www.ifiske.se/fiske-ivosjon-levrasjon.htm
Liens fvof,Östergötland,Signalkräfta,https://www.ifiske.se/fiske-lien-stora-nalern.htm
Liljans fvof,Dalarna,Signalkräfta,https://www.ifiske.se/fiske-liljan-skommartjarnen-javan-svedstjarnen.htm
Lilla Nömmens fvof,Jönköping,Signalkräfta; Siklöja,https://www.ifiske.se/fiske-lillnommen.htm
Limmarens fvof,Stockholm,Havsöring; Id; Regnbåge; Sarv; Signalkräfta; Sutare; Vimma,https://www.ifiske.se/fiske-norrtaljean-erken-langsjon-m-fl-vatten.htm
Limmens fvof,Västra Götaland,Siklöja,https://www.ifiske.se/fiske-limmen.htm
Linkelösa-Odenfors fvof,Östergötland,Öring,https://www.ifiske.se/fiske-svartan-linkelosa-odensfors.htm
Linneryd-Rolsmosjöns fvof,Kronoberg,Signalkräfta,https://www.ifiske.se/fiske-linnerydssjon-rolsmosjon.htm
Linsell-Ransjö fvof,Jämtland,Abborre; Gädda; Mört; Regnbåge; Röding; Sik,https://www.ifiske.se/fiske-linsell-ransjo.htm
Ljunga Södra fvof,Västernorrland,Abborre; Gädda; Harr; Id; Mört; Regnbåge; Röding; Sik,https://www.ifiske.se/fiske-ljunga-sodra-fvof-ljunga-sodra.htm
Ljusdals fvof,Gävleborg,Sarv; Sutare,https://www.ifiske.se/fiske-ljusdals-fvo.htm
Lofsdalen-Glöte fvof,Jämtland,Regnbåge,https://www.ifiske.se/fiske-lofsdalen-glote-fvof.htm
Lonnsjöns fvof,Örebro,Gös,https://www.ifiske.se/fiske-lonnsjons-fvof.htm
Ludvika Norra fvof,Dalarna,Ål,https://www.ifiske.se/fiske-ovre-hillen-nedre-hillen-garlangen-ljussjon-m-fl-sjoar.htm
Ludvika Södra fvof,Dalarna,Asp; Gärs,https://www.ifiske.se/fiske-haggen-saxen-snosjon-m-fl-sjoar.htm
Luhrsjöns fvof,Skåne,Signalkräfta,https://www.ifiske.se/fiske-luhrsjon.htm
Luleå fvof,Norrbotten,Harr,https://www.ifiske.se/fiske-lulea-fvof.htm
Lunde fvof,Västernorrland,Bäckröding; Havsöring; Röding; Sik; Ål,https://www.ifiske.se/fiske-lunde-fvo-masjon-jonsbodtjarn-mellantjarn-djupdalstjarn.htm
Lundsbergs fvof,Värmland,Regnbåge; Sutare; Öring,https://www.ifiske.se/fiske-lundsbergs-fvof.htm
Lyckebyåns fvof,Blekinge,Braxen; Gös; Havsöring; Id; Nors; Regnbåge; Ruda; Sarv; Sik; Sutare; Vimma,https://www.ifiske.se/fiske-lyckebyan-lyckeby-biskopsberg.htm
Lycksele fvof,Västerbotten,Nors,https://www.ifiske.se/fiske-lycksele-fvof.htm
Lysjöns fvof,Västra Götaland,Röding; Sutare,https://www.ifiske.se/fiske-lysjons-fvof-lysjon-hulsjon-tusken-och-visthuset.htm
Läggareds fvof,Västra Götaland,Sarv; Signalkräfta,https://www.ifiske.se/fiske-laggareds-fvof-hosjon-taxlesjon-och-yasjon.htm
Lärjeåns fvof,Västra Götaland,Asp; Färna; Gös; Karp; Regnbåge; Ruda; Röding; Sarv; Sik; Sutare,https://www.ifiske.se/fiske-gula-kortet-goteborg.htm
Långbäcken-Lillögda fvof,Västerbotten,Mört; Röding; Sik,https://www.ifiske.se/fiske-logdealven-stortjarn-trattarmyrtjarn-m-fl-backar-och-sjoar.htm
Långens fvof,Västra Götaland,Asp; Björkna; Bäckröding; Id; Karp; Lake; Regnbåge; Ruda; Sarv,https://www.ifiske.se/fiske-langen.htm
Långå fvof,Jämtland,Bäckröding; Mört; Siklöja,https://www.ifiske.se/fiske-langa.htm
Lögdasjöns fvof,Västerbotten,Harr,https://www.ifiske.se/fiske-logdasjon-rodingtrasket-logdan-mfl.htm
Lönerns fvof,Västra Götaland,Signalkräfta,https://www.ifiske.se/fiske-lonern-vinsarpasjon-yttern.htm
Madesjöns fvof,Kalmar,Asp; Björkna; Signalkräfta,https://www.ifiske.se/fiske-madesjosjons-fiskevardsforening.htm
Madsjöns fvof,Kronoberg,Braxen; Färna; Id; Lake; Nors; Ruda,https://www.ifiske.se/fiske-madsjons.htm
Majsjöns fvof,Jönköping,Bergsimpa,https://www.ifiske.se/fiske-hornbetasjon-mossebosjon-och-skogssjon.htm
Malgoviks fvof,Västerbotten,Signalkräfta,https://www.ifiske.se/fiske-malgovik.htm
Malmjärns fvof,Gävleborg,Braxen; Gärs; Ål,https://www.ifiske.se/fiske-malmjarns-fvof.htm
Malungs fvof,Dalarna,Regnbåge; Signalkräfta,https://www.ifiske.se/fiske-vasterdalalven-ogstrommen-m-fl-sjoar.htm
Mangen-Treens fvof,Värmland,Ål,https://www.ifiske.se/fiske-treen-mangen-trehorningen-mfl.htm
Mangskogsälvarnas fvof,Värmland,Gös,https://www.ifiske.se/fiske-mangen-salungen-baksjon-m-fl-vatten.htm
Marma Mehede fvof,Uppsala,Färna; Ruda; Sarv,https://www.ifiske.se/fiske-dalalven-untra-kraftverk-till-alvkarleby.htm
Marmen-Långsjöns fvof,Västernorrland,Havsöring,https://www.ifiske.se/fiske-marmen-langsjon.htm
Marsjöns fvof,Västra Götaland,Braxen; Flodkräfta,https://www.ifiske.se/fiske-marsjoarna.htm
Milsbosjöarnas fvof,Dalarna,Björkna; Flodkräfta; Färna; Lake; Signalkräfta; Ål,https://www.ifiske.se/fiske-milsbosjoarnas-fvo.htm
Mjällåns fvof,Västernorrland,Havsöring; Lax,https://www.ifiske.se/fiske-mjallans.htm
Mjösjövattnens fvof,Jämtland,Mört; Sik; Ål,https://www.ifiske.se/fiske-mjosjovattnets-fvof.htm
Moga-Annlarps fvof,Västra Götaland,Lake; Sarv,https://www.ifiske.se/fiske-moga-annlarps-fvof.htm
Mogdens fvof,Västra Götaland,Lake,https://www.ifiske.se/fiske-mogden.htm
Molidens fvof,Västernorrland,Asp; Bergsimpa; Braxen; Bäckröding; Flodkräfta; Gärs; Gös; Havsöring; Hornsimpa; Id; Nors; Sutare; Ål,https://www.ifiske.se/fiske-molidens-fvof.htm
Mullsjöns fvof,Jönköping,Björkna; Flodkräfta; Gärs; Karp; Nors; Ruda; Sarv; Signalkräfta,https://www.ifiske.se/fiske-sportfiska-i-sovdesjon-ab-sovdesjon-.htm
Mycklaflons fvof,Jönköping,Hornsimpa; Ruda,https://www.ifiske.se/fiske-mycklaflon.htm
Målasjöarna m.fl sjöars fvof,Kronoberg,Flodkräfta,https://www.ifiske.se/fiske-malasjon-m.fl-sjoars-fvof.htm
Mörsils fvof,Jämtland,Kanadaröding,https://www.ifiske.se/fiske-indalsalven-vid-morsil.htm
Mörtströmmens fvof,Blekinge,Faren; Gös; Havsöring; Id; Lax; Regnbåge; Ruda; Sarv; Sik,https://www.ifiske.se/fiske-sodra-braknean-mortstrommen-m-fl-vatten.htm
Narveteåns fvof,Kalmar,Gös; Siklöja,https://www.ifiske.se/fiske-hjortesjon-virserum.htm
Nedingens fvof,Södermanland,Sarv,https://www.ifiske.se/fiske-nedingen.htm
Nedre Ammeråns fvof,Jämtland,Id; Mört,https://www.ifiske.se/fiske-nedre-ammerans-fvof.htm
Nedre Frykens fvof,Värmland,Regnbåge; Ål,https://www.ifiske.se/fiske-nedre-fryken.htm
Nedre Helgeåns fvof,Skåne,Id; Karp; Mal; Regnbåge,https://www.ifiske.se/fiske-nedre-helgeans-fvof.htm
Nedre Hårkans fvof,Jämtland,Abborre; Sik,https://www.ifiske.se/fiske-nedre-harkan.htm
Nedre Klarälvens fvof,Värmland,Regnbåge,https://www.ifiske.se/fiske-nedre-klaralven.htm
Nedre Moälvens fvof,Västernorrland,Bäckröding; Harr; Id; Lake; Nors; Sik; Siklöja; Ål,https://www.ifiske.se/fiske-moalven-sjalevadsfjarden-veckefjarden-happstafjarden.htm
Nedre Norsälvens fvof,Värmland,Asp; Björkna; Färna; Siklöja,https://www.ifiske.se/fiske-norsalven-asfjorden.htm
Nedre Svartåns fvof,Östergötland,Ål,https://www.ifiske.se/fiske-svartan-nedre.htm
Nedre Upperudsälvens fvof,Västra Götaland,Asp; Färna; Ruda; Vimma,https://www.ifiske.se/fiske-nedre-upperudsalvens-fvo.htm
Nianfors och Nedre Delångersåns fvof,Gävleborg,Flodkräfta; Karp; Nors; Sarv; Signalkräfta; Sutare; Ål,https://www.ifiske.se/fiske-sportfiska-i-sovdesjon-ab-sovdesjon-.htm
Nimmerns fvof,Östergötland,Lake,https://www.ifiske.se/fiske-nimmern.htm
Nissans fvof,Halland,Braxen; Sutare,https://www.ifiske.se/fiske-nissan.htm
Njurunda Södra fvof,Västernorrland,Bäckröding; Havsöring; Ruda; Signalkräfta; Sik,https://www.ifiske.se/fiske-astjarnarna-igeltjarn-orrsjon-och-%22ovriga-vatten%22.htm
Nora-Västansjö fvof,Västernorrland,Havsöring; Regnbåge; Röding,https://www.ifiske.se/fiske-rodsjon-fangsjon-stora-oravattnet-m-fl-vatten.htm
Norasjöns fvof,Örebro,Gös; Ruda; Sarv; Sutare; Ål,https://www.ifiske.se/fiske-norasjon-fasjon-vikern.htm
Norbergs Norra fvof,Västmanland,Björkna; Flodkräfta; Karp; Ruda; Sarv; Sutare; Ål,https://www.ifiske.se/fiske-sportfiska-i-sovdesjon-ab-sovdesjon-.htm
Nordre älvs fvof,Västra Götaland,Asp; Björkna; Färna; Gös; Karp; Regnbåge; Ruda; Röding; Sutare,https://www.ifiske.se/fiske-gula-kortet-goteborg.htm
Nordsjöns fvof,Västra Götaland,Flodkräfta; Gärs; Gös; Karp; Ruda; Sarv,https://www.ifiske.se/fiske-sportfiska-i-sovdesjon-ab-sovdesjon-.htm
Noretbyarnas fvof,Västerbotten,Braxen; Bäckröding; Harr; Id; Lake; Lax; Mört; Röding; Sik; Siklöja; Stäm,https://www.ifiske.se/fiske-noretbyarnas-fvo-angermanalven-vispsjon-skavtjarn.htm
Norr- och Sörsjöns fvof,Jönköping,Björkna; Sarv,https://www.ifiske.se/fiske-allsarpasjon-brohultssjon-och-mosjon.htm
Norra Anundsjöåns fvof,Västernorrland,Abborre; Braxen; Regnbåge; Röding,https://www.ifiske.se/fiske-norra-anundsjoan-agnsjon-m-fl-vatten.htm
Norra Lelångs fvof,Värmland,Bäckröding; Hornsimpa; Lax; Ruda; Röding; Sutare; Ål,https://www.ifiske.se/fiske-norra-lelangs.htm
Norra Långevattnets fvof,Västra Götaland,Braxen; Lake,https://www.ifiske.se/fiske-bla-kortet-goteborg.htm
Norra Nyköpingsåns fvof,Södermanland,Signalkräfta,https://www.ifiske.se/fiske-norra-nykopingsan.htm
Norra Simmesjöns fvof,Västra Götaland,Abborre; Braxen; Gädda; Gös; Lake; Mört; Sarv; Sutare; Ål,https://www.ifiske.se/fiske-norra-simmesjons-fvof.htm
Norra Venjans fvof,Dalarna,Braxen; Bäckröding; Id; Ruda; Sik; Siklöja; Stäm,https://www.ifiske.se/fiske-norra-venjans-fvof.htm
Norra Vixens fvof,Jönköping,Ål,https://www.ifiske.se/fiske-norra-vixen.htm
Norra Värmelns fvof,Värmland,Asp; Sik; Sutare,https://www.ifiske.se/fiske-varmeln.htm
Norrmogens fvof,Örebro,Abborre; Braxen; Gädda; Gös; Mört,https://www.ifiske.se/fiske-norrmogen-fvof.htm
Nossans nedre fvof,Västra Götaland,Asp; Vimma,https://www.ifiske.se/fiske-nossan.htm
Nysockensjöns fvof,Värmland,Asp,https://www.ifiske.se/fiske-nysockensjons-amotsalven-m-fl-vatten.htm
Näldsjöns fvof,Jämtland,Röding,https://www.ifiske.se/fiske-naldsjon.htm
Närdingens fvof,Stockholm,Id; Ål,https://www.ifiske.se/fiske-nardingen.htm
Nästjärnens fvof,Värmland,Sarv; Sutare,https://www.ifiske.se/fiske-sodra-och-norra-nastjarnen.htm
Näsölns fvof,Västra Götaland,Gärs; Gös; Nors; Röding; Signalkräfta; Siklöja; Sutare,https://www.ifiske.se/fiske-nasolen.htm
Nätterhövdens och Lillsjöns fvof,Kalmar,Signalkräfta,https://www.ifiske.se/fiske-natterhovdens-lillsjons-fvof.htm
Nättrabyåns fvof,Blekinge,Björkna; Braxen; Gös; Havsöring; Id; Lax; Regnbåge; Sarv; Sik,https://www.ifiske.se/fiske-nattrabyan.htm
Nävrasjöns fvof,Blekinge,Ruda; Signalkräfta; Sutare,https://www.ifiske.se/fiske-navrasjon.htm
Nås fvof,Dalarna,Björkna; Braxen; Id; Ruda; Sarv; Signalkräfta; Sik; Siklöja; Sutare; Ål,https://www.ifiske.se/fiske-bysjon-vasterdalalven-narsen-mfl.htm
Nömmens fvof,Jönköping,Signalkräfta; Öring,https://www.ifiske.se/fiske-nommen.htm
Oppmannasjöns fvof,Skåne,Flodkräfta; Karp; Nors; Ruda; Signalkräfta,https://www.ifiske.se/fiske-sportfiska-i-sovdesjon-ab-sovdesjon-.htm
Ore fvof,Dalarna,Flodkräfta; Regnbåge; Signalkräfta; Ål,https://www.ifiske.se/fiske-orealven-oresjon.htm
Orsa fvof,Dalarna,Nors; Ruda; Signalkräfta; Sutare,https://www.ifiske.se/fiske-orsasjon-mfl.htm
Ostvik-Östanbäcks fvof,Västerbotten,Braxen; Gärs; Harr; Havsöring; Lake; Mört; Regnbåge; Ruda; Sik,https://www.ifiske.se/fiske-branntrasket-osttrasket-storbacken-m-fl-vatten.htm
Ottsjö fvof,Jämtland,Abborre; Gädda,https://www.ifiske.se/fiske-ottsjon-offsjon-m-fl-vatten.htm
Ovanåkers fvof,Gävleborg,Asp,https://www.ifiske.se/fiske-alfta-fvof.htm
Pentäsjoki fvof,Norrbotten,Sik,https://www.ifiske.se/fiske-pentasjoki-fvof.htm
Racksund-Östansjö fvof,Norrbotten,Röding,https://www.ifiske.se/fiske-racksund-ostansjo.htm
Ragnerudssjöns fvof,Västra Götaland,Vimma,https://www.ifiske.se/fiske-ragnerudssjons-fvo-med-bergsjo-och-galsjo.htm
Ragunda fvof,Jämtland,Bäckröding; Regnbåge; Röding,https://www.ifiske.se/fiske-oratjarn-abborrtjarn-gronvattnet-m-fl-vatten.htm
Ramnäs fvof,Västmanland,Björkna; Faren; Färna; Nors; Sarv,https://www.ifiske.se/fiske-nadden-gnien-kolbacksan-m-fl-vatten.htm
Ramselesjön-Nässjöns fvof,Västernorrland,Harr; Nors,https://www.ifiske.se/fiske-ramselsesjon-nassjon-vagdalen.htm
Rannsjöns fvof,Värmland,Lake,https://www.ifiske.se/fiske-rannsjon-langtjarn-sagdammen-arttjarn-och-ranan.htm
Rannäsasjöns fvof,Jönköping,Gös; Siklöja,https://www.ifiske.se/fiske-herredstadssjon-och-nastasjon.htm
Rastsjöns fvof,Uppsala,Björkna; Id; Lake; Ruda; Sutare,https://www.ifiske.se/fiske-rastsjon.htm
Revsundssjöns södra fvof,Jämtland,Id; Mört; Siklöja; Ål,https://www.ifiske.se/fiske-revsundssjon-marlan-herrevadstrommen-mfl.htm
Rimbo-Långsjöns fvof,Stockholm,Björkna; Havsöring; Id; Lake; Nors; Regnbåge; Signalkräfta; Vimma; Ål,https://www.ifiske.se/fiske-norrtaljean-erken-langsjon-m-fl-vatten.htm
Ringsjöns fvof,Skåne,Björkna,https://www.ifiske.se/fiske-ringsjon.htm
Risede fvof,Jämtland,Bäckröding,https://www.ifiske.se/fiske-risede-fvof.htm
Roxens fvof,Östergötland,Id,https://www.ifiske.se/fiske-roxen.htm
Runns södra fvof,Dalarna,Signalkräfta; Siklöja; Stensimpa; Ål; Öring,https://www.ifiske.se/fiske-runn.htm
Russfjärdens fvof,Jämtland,Regnbåge,https://www.ifiske.se/fiske-russfjarden-fangsjon-m-fl-vatten.htm
Ryggens fvof,Dalarna,Röding,https://www.ifiske.se/fiske-ryggen-fabodsjon-m-fl-sjoar.htm
Ryningsholms fvof,Jönköping,Asp; Färna,https://www.ifiske.se/fiske-havravikssjon-m-fl-vatten.htm
Ryssbysjöns fvof,Jönköping,Signalkräfta,https://www.ifiske.se/fiske-ryssbysjons-fvof-nassjo.htm
Ryssbysjöns fvof,Kronoberg,Färna; Sarv,https://www.ifiske.se/fiske-ryssbysjon-ljungby.htm
Rämens fvof,Värmland,Braxen; Bäckröding; Gös; Id; Nors; Regnbåge; Ruda; Sarv; Sutare; Ål,https://www.ifiske.se/fiske-nasrammen-bosjon-m-fl-vatten.htm
Rämshyttans fvof,Dalarna,Braxen; Karp,https://www.ifiske.se/fiske-ramshyttans-fvof.htm
Rännö fvof,Västernorrland,Röding,https://www.ifiske.se/fiske-ranno-fvof.htm
Rådasjön-Stensjöns fvof,Västra Götaland,Asp; Björkna; Färna; Id; Karp; Lax; Regnbåge; Ruda; Röding; Sarv; Sik; Sutare,https://www.ifiske.se/fiske-gula-kortet-goteborg.htm
Rådasjöns fvof,Värmland,Bergsimpa; Stensimpa,https://www.ifiske.se/fiske-radasjons-fvof.htm
Rödläga fvof,Stockholm,Gädda; Id; Sik; Öring,https://www.ifiske.se/fiske-rodloga-fvof.htm
Rönneådalens fvof,Skåne,Björkna; Braxen; Faren; Flodkräfta; Färna; Gärs; Id; Karp; Ruda; Sarv; Stäm,https://www.ifiske.se/fiske-ronne-a-ljungbyhed.htm
Rönninge fvof,Stockholm,Signalkräfta,https://www.ifiske.se/fiske-flaten-uttran-och-danviken.htm
Salens fvof,Kronoberg,Färna; Öring,https://www.ifiske.se/fiske-salen-m-fl-vatten.htm
Sammakko-Lillbergets fvof,Norrbotten,Lake; Mört,https://www.ifiske.se/fiske-sammakkosjon-storsjon-sangersjon-linaalv-nikkossjon-mattissjon.htm
Sandselet - Gallejaur fvof,Norrbotten,Mört; Sik,https://www.ifiske.se/fiske-sandselet-gallejaurs-fvo-sandselet-gallejaurdammarna-skelleftealven.htm
Serarpasjöns fvof,Jönköping,Sarv,https://www.ifiske.se/fiske-serarpssjon.htm
Sidsjö-Stugusjö fvof,Jämtland,Gädda; Harr; Regnbåge; Sik; Siklöja; Ål,https://www.ifiske.se/fiske-sidsjon-stugusjon-blektjarn-m-fl-vatten.htm
Siljans Södra fvof,Dalarna,Regnbåge; Ruda; Signalkräfta; Sutare,https://www.ifiske.se/fiske-siljans-sodra-fvo.htm
Siljansnäs fvof,Dalarna,Signalkräfta,https://www.ifiske.se/fiske-siljansnas-fvof.htm
Silvbergs fvof,Dalarna,Gärs; Sutare,https://www.ifiske.se/fiske-stora-och-lilla-ulvsjon-stora-och-lilla-noran-m-fl.htm
Simsjöns fvof,Västra Götaland,Sutare,https://www.ifiske.se/fiske-simsjon.htm
Singsjövattnens fvof,Jämtland,Björkna; Braxen; Flodkräfta; Gärs; Gös; Karp; Nors; Ruda; Sarv; Signalkräfta; Sutare; Ål,https://www.ifiske.se/fiske-sportfiska-i-sovdesjon-ab-sovdesjon-.htm
Sjöarp Öasjöns fvof,Östergötland,Sutare,https://www.ifiske.se/fiske-sjoarp-oasjon.htm
Sjöatorpasjön och Moasjöns fvof,Kronoberg,Signalkräfta,https://www.ifiske.se/fiske-sjoatorpasjon-och-moasjon.htm
Skagerns fvof,Västra Götaland,Färna; Sarv,https://www.ifiske.se/fiske-skagern.htm
Skansnäs fvof,Västerbotten,Lax; Stäm,https://www.ifiske.se/fiske-skansnas-fvo.htm
Skedesjöns fvof,Jönköping,Gös; Ruda; Signalkräfta,https://www.ifiske.se/fiske-mellby-fko-del-av-solgen.htm
Skeppshultasjön m.fl sjöars fvof,Kronoberg,Karp; Ruda; Öring,https://www.ifiske.se/fiske-skeppshultasjon-m.fl.-sjoars-fvo.htm
Skikkisjön fvof,Västerbotten,Asp; Bergsimpa,https://www.ifiske.se/fiske-skikkisjon-skabbegatt-och-skikkibacken.htm
Skogstjärnens fvof,Värmland,Braxen; Ål,https://www.ifiske.se/fiske-rinnen-stensvattnet-stora-ulvsjon-m-fl-vatten.htm
Skorpeds fvof,Västernorrland,Kanadaröding; Regnbåge,https://www.ifiske.se/fiske-skorpeds-fvof.htm
Skärgens fvof,Värmland,Sik,https://www.ifiske.se/fiske-skargens-fvof.htm
Skärvlångens fvof,Västra Götaland,Sarv,https://www.ifiske.se/fiske-skarvalangen-bysjon-eggbysjon-och-vagnsjon.htm
Solarens fvof,Kalmar,Signalkräfta,https://www.ifiske.se/fiske-solaren.htm
Sollerö fvof,Dalarna,Flodkräfta; Gös; Id; Signalkräfta,https://www.ifiske.se/fiske-siljan-norra-och-sodra-fjardarna-saxen.htm
Sommens fvof,Östergötland,Flodkräfta; Stensimpa; Vimma,https://www.ifiske.se/fiske-sommen.htm
Sorrödssjöarnas fvof,Skåne,Ruda; Ål,https://www.ifiske.se/fiske-sorrodssjoarnas-fvof-sorrodssjoarna.htm
Soutujärvi fvof,Norrbotten,Mört; Regnbåge,https://www.ifiske.se/fiske-soutujarvi.htm
Spexhultasjöns fvof,Jönköping,Lake,https://www.ifiske.se/fiske-spexhultasjon.htm
Stengårdshultasjöns fvof,Jönköping,Siklöja,https://www.ifiske.se/fiske-stengardshultasjon-lillesjon.htm
Stensele fvof,Västerbotten,Abborre; Regnbåge; Röding; Sik,https://www.ifiske.se/fiske-stensele-fvo.htm
Stensjön-Agunnarydsjöns fvof,Kronoberg,Färna; Id; Mal,https://www.ifiske.se/fiske-stensjon-och-agunnarydsjon.htm
Stora Bygdeträskets fvof,Västerbotten,Röding,https://www.ifiske.se/fiske-stora-bygdetrasket-goksjon-talltrasket-m-fl-vatten.htm
Stora Emsens fvof,Värmland,Signalkräfta,https://www.ifiske.se/fiske-stor-emsen.htm
Stora Gla fvof,Värmland,Gös; Lax; Röding,https://www.ifiske.se/fiske-glaskogen.htm
Stora Hensjöns fvof,Kronoberg,Ruda; Siklöja,https://www.ifiske.se/fiske-stora-hensjon.htm
Stora Nätarens fvof,Jönköping,Id,https://www.ifiske.se/fiske-stora-nataren.htm
Stora och Lilla Högs fvof,Värmland,Sarv,https://www.ifiske.se/fiske-nordsjon-taksjon-m-fl-tjarnar.htm
Stora och Lilla Sinnerns fvof,Kalmar,Asp; Faren; Flodkräfta; Färna; Havsöring; Id; Karp; Lax; Mal; Regnbåge; Ruda; Signalkräfta; Vimma; Ål; Öring,https://www.ifiske.se/fiske-hogsby-fvof-emans-nedre.htm
Stora Skedvi fvof,Dalarna,Asp; Bergsimpa; Björkna; Faren; Färna; Harr; Id; Kanadaröding; Karp; Nors; Sik; Stensimpa; Stäm; Vimma,https://www.ifiske.se/fiske-dalalven-trylamnet-m-fl-vatten.htm
Stora- och lilla Dalsjön fvof,Västra Götaland,Signalkräfta,https://www.ifiske.se/fiske-stora-och-lilla-dalsjon.htm
Storasjön-Sävsjön m fl sjöars fvof,Jönköping,Flodkräfta; Regnbåge; Signalkräfta; Ål; Öring,https://www.ifiske.se/fiske-storasjon-savsjons-m.fl-sjoars-fvof.htm
Storsjön-Bergs fvof,Jämtland,Björkna; Braxen; Flodkräfta; Gärs; Gös; Karp; Ruda; Sarv; Signalkräfta; Sutare; Ål,https://www.ifiske.se/fiske-sportfiska-i-sovdesjon-ab-sovdesjon-.htm
Storsjöns fvof,Västra Götaland,Björkna; Flodkräfta; Gärs; Karp; Nors; Ruda; Sarv; Sutare,https://www.ifiske.se/fiske-sportfiska-i-sovdesjon-ab-sovdesjon-.htm
Storsjöns fvof,Örebro,Gös,https://www.ifiske.se/fiske-storsjons-fvof-askersund.htm
Storsjöns fvof,Gävleborg,Id; Signalkräfta,https://www.ifiske.se/fiske-storsjons-sandviken.htm
Storsjöns fvof,Västernorrland,Gös,https://www.ifiske.se/fiske-storsjons-fvof-kramfors.htm
Storsjöns och Vätternsjöarnas fvof,Västmanland,Ål,https://www.ifiske.se/fiske-storsjon-vatternsjoarna-hedstrommen.htm
Struven-Stora Le fvof,Värmland,Röding,https://www.ifiske.se/fiske-foxen-stora-le.htm
Stråkens fvof,Jönköping,Signalkräfta,https://www.ifiske.se/fiske-straken.htm
Strånnasjöns fvof,Jönköping,Björkna; Gös; Lake; Nors; Ruda; Röding; Sarv; Signalkräfta; Sik; Siklöja; Vimma; Ål; Öring,https://www.ifiske.se/fiske-svartan-tranas.htm
Stöcksjöns fvof,Västerbotten,Ruda,https://www.ifiske.se/fiske-stocksjons-fvo.htm
Stödebygdens fvof,Västernorrland,Gös,https://www.ifiske.se/fiske-stodesjon-mfl.-vatten.htm
Suljättens fvof,Jämtland,Abborre,https://www.ifiske.se/fiske-kallsjon-gastjarn-utsulan-m-fl-vatten.htm
Summelns fvof,Värmland,Asp,https://www.ifiske.se/fiske-summeln.htm
Sundsjöns fvof,Jämtland,Mört,https://www.ifiske.se/fiske-sundsjon-och-ovriga-vatten-inom-fvof.htm
Sunnansjö fvof,Dalarna,Flodkräfta; Ruda,https://www.ifiske.se/fiske-bysjon-saxen-noren-m-fl-vatten.htm
Surahammars fvof,Västmanland,Ruda; Signalkräfta,https://www.ifiske.se/fiske-magsjon-ostersjon-vastersjon-samt-del-av-kolbacksan.htm
Svansjöarnas fvof,Värmland,Sik,https://www.ifiske.se/fiske-svansjoarna-ammeskogsjon-eldan-mfl.htm
Svansjöarnas fvof,Västmanland,Id,https://www.ifiske.se/fiske-langsvan-och-lillsvan.htm
Svartsjöarnas fvof,Jämtland,Regnbåge,https://www.ifiske.se/fiske-norra-svartsjon-mellansvartsjon-och-sodra-svartsjon.htm
Svartåns fvof,Jönköping,Röding; Sik; Siklöja,https://www.ifiske.se/fiske-svartan-tranas.htm
Svedje-Västanede-Övsjö fvof,Jämtland,Ruda; Ål,https://www.ifiske.se/fiske-svedje-vastanede-ovsjo-fvo.htm
Sveg-Herrö fvof,Jämtland,Regnbåge,https://www.ifiske.se/fiske-svegssjon-ljusnan-hundsjon-oratjarn-mfl.htm
Svenstaåns fvof,Jämtland,Nors; Regnbåge,https://www.ifiske.se/fiske-svenstaan-m-fl-vatten.htm
Svinstadssjöns fvof,Östergötland,Björkna; Lake; Ruda; Sutare; Ål,https://www.ifiske.se/fiske-svinstadsjon.htm
Svärdsjön-Ågsjöns fvof,Dalarna,Bäckröding; Id,https://www.ifiske.se/fiske-svardsjon-agsjon.htm
Säbysjöns fvof,Jönköping,Signalkräfta; Öring,https://www.ifiske.se/fiske-sabysjon.htm
Sällsjö fvof,Jämtland,Sik,https://www.ifiske.se/fiske-sallsjo-fvof-sallsjon-baksjon-med-tillhorande-vatten.htm
Särna-Idre fvof,Dalarna,Regnbåge; Stäm,https://www.ifiske.se/fiske-sarna-idre.htm
Säters fvof,Dalarna,Regnbåge; Sarv; Signalkräfta; Sik; Siklöja; Stäm; Sutare,https://www.ifiske.se/fiske-sater.htm
Sävelångens fvof,Västra Götaland,Signalkräfta,https://www.ifiske.se/fiske-savelangen-lillelangen.htm
Sävsjöortens fvof,Jönköping,Signalkräfta,https://www.ifiske.se/fiske-eksjohovgardssjon.htm
Södra Bunns fvof,Jönköping,Sarv; Signalkräfta; Siklöja,https://www.ifiske.se/fiske-bunn-norra-och-mellan.htm
Södra Hörkens fvof,Örebro,Nors; Stensimpa,https://www.ifiske.se/fiske-sodra-horken-stora-avlangen-m-fl-vatten.htm
Södra Lelångs fvof,Västra Götaland,Regnbåge; Signalkräfta; Siklöja; Ål,https://www.ifiske.se/fiske-sodra-lelang.htm
Södra Mieåns fvof,Blekinge,Björkna; Id,https://www.ifiske.se/fiske-sodra-mieans-fvof.htm
Södra Sämsjöns fvof,Västra Götaland,Gös; Sarv,https://www.ifiske.se/fiske-sodra-samsjon.htm
Sölje fvof,Värmland,Gärs; Sik; Ål,https://www.ifiske.se/fiske-solje-fvof-spjuttjarn-slojtjarn-morttjarn-st-lesjon-mfl.htm
Sörabysjöns fvof,Kronoberg,Ruda; Sarv; Ål,https://www.ifiske.se/fiske-sorabysjon.htm
Sörbergens fvof,Västra Götaland,Asp; Björkna; Braxen; Färna; Gös; Id; Karp; Lake; Lax; Regnbåge; Ruda; Röding; Sarv; Sik; Sutare,https://www.ifiske.se/fiske-gula-kortet-goteborg.htm
Sörbygdens fvof,Jämtland,Flodkräfta,https://www.ifiske.se/fiske-giman-konsttjarnen-astjarnen-m-fl-vatten.htm
Sösjön-Hemsjön-Gråsjöns fvof,Jämtland,Björkna; Braxen; Mört; Ruda; Signalkräfta; Sutare,https://www.ifiske.se/fiske-aredasjon-vikasjon-m-fl-vatten.htm
Sötåsasjöns fvof,Jönköping,Signalkräfta,https://www.ifiske.se/fiske-sotasasjon.htm
Tabergsåns fvof,Jönköping,Bäckröding; Harr,https://www.ifiske.se/fiske-tabergsan-samt-mansarpasjon.htm
Tallsjö fvof,Västerbotten,Björkna; Flodkräfta; Gärs; Gös; Karp; Nors; Ruda; Sarv; Signalkräfta; Sutare; Ål,https://www.ifiske.se/fiske-sportfiska-i-sovdesjon-ab-sovdesjon-.htm
Tedensjöarnas fvof,Östergötland,Sarv,https://www.ifiske.se/fiske-tedensjoarna-gersken-och-losjon.htm
Testeboåns fvof,Gävleborg,Gös,https://www.ifiske.se/fiske-testeboan.htm
Tisarens fvof,Örebro,Flodkräfta; Karp,https://www.ifiske.se/fiske-sportfiska-i-sovdesjon-ab-sovdesjon-.htm
Tisnarens Västra fvof,Östergötland,Signalkräfta,https://www.ifiske.se/fiske-tisnaren.htm
Tjurken-Kalvens fvof,Jönköping,Lake; Signalkräfta,https://www.ifiske.se/fiske-tjurken-kalven.htm
Tolken i Marks fvof,Västra Götaland,Björkna,https://www.ifiske.se/fiske-tolkens-marks-fvof-mark-tolken.htm
Tolången m.fl. sjöars fvof,Kalmar,Gärs; Lake; Sutare; Ål,https://www.ifiske.se/fiske-tolangen.htm
Torsbo-Rotenäs fvof,Västra Götaland,Björkna,https://www.ifiske.se/fiske-lillesjon-rotenassjon-halsjon.htm
Torserydssjöns fvof,Kronoberg,Lake; Ål,https://www.ifiske.se/fiske-torserydssjon.htm
Transjön och Svansjöns fvof,Halland,Karp,https://www.ifiske.se/fiske-transjon-svansjon-m-fl-vatten.htm
Transtrands fvof,Dalarna,Regnbåge; Stäm; Ål,https://www.ifiske.se/fiske-vasterdalalven-horrmunden-m-fl-vatten.htm
Trollebosjöns fvof,Jönköping,Karp; Signalkräfta; Siklöja,https://www.ifiske.se/fiske-varnen-trollebosjon.htm
Trosaåns fvof,Södermanland,Asp; Faren; Gös; Havsöring; Lax; Nors; Regnbåge; Ruda; Sarv; Stäm; Ål,https://www.ifiske.se/fiske-trosaan.htm
Trångforsens fvof,Norrbotten,Havsöring; Sik; Öring,https://www.ifiske.se/fiske-trangforsens.htm
Täfternsjöarnas fvof,Östergötland,Björkna; Gärs; Gös; Karp; Ruda,https://www.ifiske.se/fiske-sportfiska-i-sovdesjon-ab-sovdesjon-.htm
Tälje-Näsets fvof,Västernorrland,Sarv,https://www.ifiske.se/fiske-torringen-overtjarn-nedertjarn.htm
Törn-Törngöls fvof,Kalmar,Signalkräfta,https://www.ifiske.se/fiske-torn-och-torngols-fvof.htm
Tösjön Häcksjöns fvof,Västra Götaland,Asp; Björkna; Braxen; Färna; Gös; Karp; Lake; Lax; Regnbåge; Ruda; Röding; Sarv; Sik; Sutare; Ål; Öring,https://www.ifiske.se/fiske-gula-kortet-goteborg.htm
Ullvetterns fvof,Värmland,Ruda; Sutare,https://www.ifiske.se/fiske-ullvettern-frovettern-kvaggen-mfl.htm
Undens fvof,Västra Götaland,Sutare,https://www.ifiske.se/fiske-unden.htm
Upplands fvof,Jämtland,Harr; Kanadaröding; Lake,https://www.ifiske.se/fiske-liten-mellersta-delen.htm
Uskens fvof,Örebro,Gös; Sutare,https://www.ifiske.se/fiske-fasjons-fvof.htm
Vadjungens fvof,Värmland,Flodkräfta,https://www.ifiske.se/fiske-vadjungen-hemsjon-kolaalven-m-fl-vatten.htm
Vaggerydsortens fvof,Jönköping,Id; Nors; Signalkräfta,https://www.ifiske.se/fiske-fangen-sandsjon-tangsjon-och-karingasjon.htm
Valdshults fvof,Jönköping,Gös,https://www.ifiske.se/fiske-norra-vallsjon.htm
Vallbyåns fvof,Gävleborg,Karp; Röding,https://www.ifiske.se/fiske-vallbyans.htm
Vallsjöns fvof,Jönköping,Braxen; Signalkräfta; Siklöja,https://www.ifiske.se/fiske-vallsjon.htm
Valsansjöarnas fvof,Dalarna,Signalkräfta,https://www.ifiske.se/fiske-ovre-valsan-mellan-valsan-nedre-valsan-mfl.htm
Varpsjö fvof,Västerbotten,Sik,https://www.ifiske.se/fiske-varpsjo-fvo.htm
Vassjöns fvof,Värmland,Braxen; Gärs; Sarv,https://www.ifiske.se/fiske-vassjons-fvo.htm
Vaxsjöns fvof,Skåne,Gädda; Gös; Mört; Sutare,https://www.ifiske.se/fiske-vaxsjon.htm
Vedevåg-Högstaboda fvof,Örebro,Braxen; Gös; Sutare,https://www.ifiske.se/fiske-vedevagssjon-vagaren-hogstabosjon.htm
Venjanssjöns fvof,Dalarna,Id; Siklöja; Ål,https://www.ifiske.se/fiske-venjanssjon.htm
Vesljungasjöns fvof,Skåne,Signalkräfta; Ål,https://www.ifiske.se/fiske-vesljungasjon.htm
Vindommens fvof,Östergötland,Ål,https://www.ifiske.se/fiske-vindommen.htm
Viren mfl sjöars fvof,Kronoberg,Ruda,https://www.ifiske.se/fiske-virens-fvo-viren-med-flera-sjoars-fiskevardsomrade.htm
Vrångsälvens fvof,Värmland,Björkna; Braxen; Ruda,https://www.ifiske.se/fiske-vrangsalven-m-fl-tjarnar.htm
Väglasjöarnas fvof,Kronoberg,Flodkräfta,https://www.ifiske.se/fiske-vaglasjon-vitasjon-svartasjon.htm
Välens fvof,Kalmar,Gös; Lake; Signalkräfta; Sutare; Ål,https://www.ifiske.se/fiske-valens-fvof.htm
Vällens fvof,Uppsala,Signalkräfta; Stensimpa; Vimma; Ål,https://www.ifiske.se/fiske-vallen.htm
Vänneåns fvof,Kronoberg,Sutare,https://www.ifiske.se/fiske-vannean-grysshultasjon-vannesjon-och-ljungsjon.htm
Värmens fvof,Jönköping,Signalkräfta,https://www.ifiske.se/fiske-stora-varmen-och-lilla-varmen.htm
Västansjö fvof,Värmland,Björkna; Flodkräfta; Sutare,https://www.ifiske.se/fiske-vastansjo-fvof.htm
Västanå-Östby fvof,Västernorrland,Abborre; Bäckröding; Gädda; Röding; Sik,https://www.ifiske.se/fiske-vastana-ostby-fvof.htm
Väster - Lovsjö fvof,Jönköping,Gös,https://www.ifiske.se/fiske-granarpssjon-vastersjon-lovsjon.htm
Västerlösa-Älvestads fvof,Östergötland,Öring,https://www.ifiske.se/fiske-svartan-vasterlosa-alvestad.htm
Västra Långseruds fvof,Värmland,Sik; Siklöja,https://www.ifiske.se/fiske-bjornklammen-ojesjon-valungen-m-fl-sjoar.htm
Västra Mölndalsåns fvof,Jönköping,Abborre; Björkna; Braxen; Flodkräfta; Gädda; Gärs; Gös; Karp; Mört; Nors; Ruda; Sarv; Signalkräfta; Sutare; Ål,https://www.ifiske.se/fiske-sportfiska-i-sovdesjon-ab-sovdesjon-.htm
Västra Valbo fvof,Gävleborg,Ål,https://www.ifiske.se/fiske-vastra-valbo.htm
Västra Vättlefjälls fvof,Västra Götaland,Asp; Björkna; Braxen; Färna; Gös; Id; Lake; Lax; Regnbåge; Ruda; Röding; Sarv; Sik,https://www.ifiske.se/fiske-gula-kortet-goteborg.htm
Yasjöns fvof,Halland,Ål,https://www.ifiske.se/fiske-yasjons-fvof-yasjon.htm
Yasjöns och Nejsjöns fvof,Halland,Lake; Ål,https://www.ifiske.se/fiske-yasjon-nejsjon-abrunnen.htm
Ygdens fvof,Kronoberg,Asp; Björkna; Gärs; Ruda; Signalkräfta,https://www.ifiske.se/fiske-ygden.htm
Ylens fvof,Jönköping,Signalkräfta,https://www.ifiske.se/fiske-ylen.htm
Ymsens fvof,Västra Götaland,Flodkräfta; Karp,https://www.ifiske.se/fiske-sportfiska-i-sovdesjon-ab-sovdesjon-.htm
Yngens fvof,Värmland,Regnbåge; Ål,https://www.ifiske.se/fiske-yngen.htm
Ytterhogdals fvof,Jämtland,Abborre; Regnbåge; Röding; Sik,https://www.ifiske.se/fiske-ytterhogdals.htm
Yttre Lemesjöns fvof,Västernorrland,Regnbåge; Röding,https://www.ifiske.se/fiske-yttre-lemesjon-sonnerstjarn-langtjarn-m-fl-vatten.htm
Yxesjöarnas fvof,Värmland,Bäckröding; Id; Regnbåge; Ruda; Sarv; Sutare; Ål,https://www.ifiske.se/fiske-yxesjoarna-mjogesjoarna-m-fl-vatten.htm
Yxskaftkälens fvof,Jämtland,Björkna; Braxen; Flodkräfta; Gärs; Gös; Karp; Nors; Ruda; Sarv; Signalkräfta; Sutare; Ål,https://www.ifiske.se/fiske-sportfiska-i-sovdesjon-ab-sovdesjon-.htm
Älgsjöns fvof,Värmland,Ål,https://www.ifiske.se/fiske-algsjon-m-fl-tjarnar.htm
Älmtens-Broasjöns fvof,Kalmar,Gädda; Sutare,https://www.ifiske.se/fiske-almten-broasjons-fvof.htm
Älvdalens fvof,Dalarna,Regnbåge,https://www.ifiske.se/fiske-alvdalens-fvo.htm
Ämmerns fvof,Östergötland,Sutare,https://www.ifiske.se/fiske-ammern.htm
Äppelbo fvof,Dalarna,Björkna; Flodkräfta; Id; Signalkräfta; Ål,https://www.ifiske.se/fiske-vasterdalalven-busjon-m-fl-vatten.htm
Ärlångens-Rengensjöarnas fvof,Östergötland,Ruda; Signalkräfta; Ål,https://www.ifiske.se/fiske-arlangen-rengensjoarnas-fvof.htm
Ärrsjöns fvof,Västra Götaland,Regnbåge; Sutare; Ål,https://www.ifiske.se/fiske-arrsjon.htm
Ärtingens fvof,Västra Götaland,Braxen; Gärs; Lake; Mört; Nors; Sarv; Sik; Sutare; Ål; Öring,https://www.ifiske.se/fiske-artingens-fvof-artingen.htm
Ätrans nedre fvof,Halland,Havsöring; Regnbåge; Sarv; Siklöja; Stensimpa,https://www.ifiske.se/fiske-atrans-nedre-fvof.htm
Åby älvs nedre fvof,Västerbotten,Havsöring; Id; Nors; Regnbåge; Sik; Ål,https://www.ifiske.se/fiske-abyalven-m-fl-vatten.htm
Åby älvs övre fvof,Västerbotten,Bäckröding,https://www.ifiske.se/fiske-aby-alvs-ovre-fiskevardsomrade.htm
Åkersjöns fvof,Jämtland,Abborre; Björkna; Braxen; Flodkräfta; Gädda; Gärs; Gös; Karp; Mört; Nors; Sarv; Signalkräfta; Sutare; Ål,https://www.ifiske.se/fiske-sportfiska-i-sovdesjon-ab-sovdesjon-.htm
Åklångs fvof,Västra Götaland,Sarv,https://www.ifiske.se/fiske-aklangs-fvo-aklangen-lillesjo-glycksjon-glyckso-ande.htm
Åkulla fvof,Halland,Signalkräfta,https://www.ifiske.se/fiske-yasjon-antasjon-och-stora-asjon.htm
Åländerns fvof,Östergötland,Gös; Sarv,https://www.ifiske.se/fiske-alandern-m-fl-vatten.htm
Åmans fvof,Västerbotten,Havsöring; Lax,https://www.ifiske.se/fiske-aman-amsele.htm
Åmmelången-Kärrafjärdens fvof,Örebro,Ruda,https://www.ifiske.se/fiske-ammelangens-fvof.htm
Åmots fvof,Gävleborg,Braxen; Regnbåge; Ål,https://www.ifiske.se/fiske-amots-fvo.htm
Åmänningens fvof,Västmanland,Asp; Braxen,https://www.ifiske.se/fiske-amanningen.htm
Åreda-Vikasjönssjöns fvof,Kronoberg,Björkna; Braxen; Ruda; Signalkräfta; Sutare,https://www.ifiske.se/fiske-aredasjon-vikasjon-m-fl-vatten.htm
Åsens fvof,Västra Götaland,Lax,https://www.ifiske.se/fisketips-kommunfiskekort-dals-ed.htm
Åsnens fvof,Kronoberg,Stensimpa,https://www.ifiske.se/fiske-asnen.htm
Ö Frölunda-Mårdaklevs fvof,Västra Götaland,Färna; Id; Sarv,https://www.ifiske.se/fiske-atran-storasjon-gummasjoarna-mfl.htm
Ödevatens fvof,Kalmar,Signalkräfta,https://www.ifiske.se/fiske-odevaten-norrsjon.htm
Öfjärdens fvof,Västernorrland,Gös; Lake; Siklöja,https://www.ifiske.se/fiske-ofjardens-fvof-klingresjon-alvsjosjon-vikesjon-ofjarden.htm
Öjarens fvof,Kronoberg,Ruda; Ål,https://www.ifiske.se/fiske-ojaren-byasjon-skarsjon-och-bastesjons-fvo.htm
Öjebro-Vågforsens fvof,Östergötland,Asp; Flodkräfta; Ruda; Ål,https://www.ifiske.se/fiske-svartan-ojebro-vagforsen.htm
Öjens fvof,Kronoberg,Ruda,https://www.ifiske.se/fiske-ojen-hedasjon-m-fl-sjoar.htm
Önskasjöns fvof,Västernorrland,Kanadaröding; Mal; Ål,https://www.ifiske.se/fiske-onskasjon-fvo.htm
Öresjö fvof,Västra Götaland,Flodkräfta,https://www.ifiske.se/fiske-oresjo.htm
Öresjöarnas fvof,Västra Götaland,Ruda; Sik,https://www.ifiske.se/fiske-oresjoarnas-fvof-vastra-och-ostra-oresjon.htm
Örlens fvof,Västra Götaland,Bäckröding; Signalkräfta,https://www.ifiske.se/fiske-orlen.htm
Örsjön-Lillasjöns fvof,Kronoberg,Faren,https://www.ifiske.se/fiske-orsjon-lillasjon.htm
Örsjöns fvof,Västra Götaland,Asp; Faren; Färna,https://www.ifiske.se/fiske-orsjon.htm
Östansjö-Remmarns fvof,Västernorrland,Harr; Regnbåge,https://www.ifiske.se/fiske-ostansjo-remmarns-fvof.htm
Östby fvof,Gävleborg,Ruda; Siklöja,https://www.ifiske.se/fiske-ostby-fvof-testeboan-vittersjon-norrtjarn-gnottjarn.htm
Östra Lägerns fvof,Östergötland,Stensimpa,https://www.ifiske.se/fiske-ostra-lagern.htm
Östra Örekilsälvens fvof,Västra Götaland,Lax,https://www.ifiske.se/fisketips-kommunfiskekort-dals-ed.htm
Östra Örtens fvof,Värmland,Abborre; Braxen; Gös; Siklöja,https://www.ifiske.se/fiske-ostra-orten.htm
Övrasjöns fvof,Jönköping,Signalkräfta,https://www.ifiske.se/fiske-ovrasjon.htm
Övre Gideälvens fvof,Västernorrland,Braxen; Bäckröding; Flodkräfta; Id; Regnbåge; Röding; Sik,https://www.ifiske.se/fiske-ovre-gidealvens.htm
Övre Gimåns fvof,Jämtland,Bäckröding; Flodkräfta; Signalkräfta; Stensimpa; Ål,https://www.ifiske.se/fiske-flottringen-bensjon-bodtjarn-dysjon.htm
Övre Vattudalens fvof,Jämtland,Abborre; Gädda; Harr; Mört; Regnbåge; Röding; Sik,https://www.ifiske.se/fiske-svaningssjon-straken-fagelsjon-m-fl.htm
Övre Åsundens fvof,Västra Götaland,Siklöja; Sutare,https://www.ifiske.se/fiske-ovre-asunden.htm
Övre Öjåns fvof,Jämtland,Abborre; Gädda; Harr; Mört; Sik,https://www.ifiske.se/fiske-ojarssjons-ojan-hundvagen-m-fl-vatten.htm
